{
  "source": "NCES (National Center for Education Statistics)",
  "lastUpdated": "2024-01",
  "notes": "Data from NCES Common Core of Data (CCD). See docs/updating-district-data.md for update instructions.",
  "districts": [
    {"stateCode": "AL", "stateName": "Alabama", "name": "Alabaster City", "ncesId": "0100005"},
    {"stateCode": "AL", "stateName": "Alabama", "name": "Albertville City", "ncesId": "0100006"},
    {"stateCode": "AL", "stateName": "Alabama", "name": "Alexander City", "ncesId": "0100007"},
    {"stateCode": "AL", "stateName": "Alabama", "name": "Andalusia City", "ncesId": "0100008"},
    {"stateCode": "AL", "stateName": "Alabama", "name": "Anniston City", "ncesId": "0100009"},
    {"stateCode": "AL", "stateName": "Alabama", "name": "Athens City", "ncesId": "0100012"},
    {"stateCode": "AL", "stateName": "Alabama", "name": "Auburn City", "ncesId": "0100013"},
    {"stateCode": "AL", "stateName": "Alabama", "name": "Autauga County", "ncesId": "0100030"},
    {"stateCode": "AL", "stateName": "Alabama", "name": "Baldwin County", "ncesId": "0100060"},
    {"stateCode": "AL", "stateName": "Alabama", "name": "Barbour County", "ncesId": "0100090"},
    {"stateCode": "AL", "stateName": "Alabama", "name": "Bessemer City", "ncesId": "0100014"},
    {"stateCode": "AL", "stateName": "Alabama", "name": "Bibb County", "ncesId": "0100120"},
    {"stateCode": "AL", "stateName": "Alabama", "name": "Birmingham City", "ncesId": "0100015"},
    {"stateCode": "AL", "stateName": "Alabama", "name": "Blount County", "ncesId": "0100150"},
    {"stateCode": "AL", "stateName": "Alabama", "name": "Bullock County", "ncesId": "0100180"},
    {"stateCode": "AL", "stateName": "Alabama", "name": "Butler County", "ncesId": "0100210"},
    {"stateCode": "AL", "stateName": "Alabama", "name": "Calhoun County", "ncesId": "0100240"},
    {"stateCode": "AL", "stateName": "Alabama", "name": "Chambers County", "ncesId": "0100270"},
    {"stateCode": "AL", "stateName": "Alabama", "name": "Cherokee County", "ncesId": "0100300"},
    {"stateCode": "AL", "stateName": "Alabama", "name": "Chilton County", "ncesId": "0100330"},
    {"stateCode": "AL", "stateName": "Alabama", "name": "Choctaw County", "ncesId": "0100360"},
    {"stateCode": "AL", "stateName": "Alabama", "name": "Clarke County", "ncesId": "0100390"},
    {"stateCode": "AL", "stateName": "Alabama", "name": "Clay County", "ncesId": "0100420"},
    {"stateCode": "AL", "stateName": "Alabama", "name": "Cleburne County", "ncesId": "0100450"},
    {"stateCode": "AL", "stateName": "Alabama", "name": "Coffee County", "ncesId": "0100480"},
    {"stateCode": "AL", "stateName": "Alabama", "name": "Colbert County", "ncesId": "0100510"},
    {"stateCode": "AL", "stateName": "Alabama", "name": "Conecuh County", "ncesId": "0100540"},
    {"stateCode": "AL", "stateName": "Alabama", "name": "Coosa County", "ncesId": "0100570"},
    {"stateCode": "AL", "stateName": "Alabama", "name": "Covington County", "ncesId": "0100600"},
    {"stateCode": "AL", "stateName": "Alabama", "name": "Crenshaw County", "ncesId": "0100630"},
    {"stateCode": "AK", "stateName": "Alaska", "name": "Anchorage School District", "ncesId": "0200010"},
    {"stateCode": "AK", "stateName": "Alaska", "name": "Fairbanks North Star Borough School District", "ncesId": "0200040"},
    {"stateCode": "AK", "stateName": "Alaska", "name": "Juneau Borough School District", "ncesId": "0200070"},
    {"stateCode": "AK", "stateName": "Alaska", "name": "Kenai Peninsula Borough School District", "ncesId": "0200080"},
    {"stateCode": "AK", "stateName": "Alaska", "name": "Ketchikan Gateway Borough School District", "ncesId": "0200090"},
    {"stateCode": "AK", "stateName": "Alaska", "name": "Kodiak Island Borough School District", "ncesId": "0200100"},
    {"stateCode": "AK", "stateName": "Alaska", "name": "Matanuska-Susitna Borough School District", "ncesId": "0200120"},
    {"stateCode": "AK", "stateName": "Alaska", "name": "Sitka Borough School District", "ncesId": "0200160"},
    {"stateCode": "AZ", "stateName": "Arizona", "name": "Chandler Unified District", "ncesId": "0400120"},
    {"stateCode": "AZ", "stateName": "Arizona", "name": "Gilbert Unified District", "ncesId": "0400180"},
    {"stateCode": "AZ", "stateName": "Arizona", "name": "Glendale Union High School District", "ncesId": "0400190"},
    {"stateCode": "AZ", "stateName": "Arizona", "name": "Mesa Unified District", "ncesId": "0400300"},
    {"stateCode": "AZ", "stateName": "Arizona", "name": "Paradise Valley Unified District", "ncesId": "0400390"},
    {"stateCode": "AZ", "stateName": "Arizona", "name": "Peoria Unified School District", "ncesId": "0400400"},
    {"stateCode": "AZ", "stateName": "Arizona", "name": "Phoenix Union High School District", "ncesId": "0400420"},
    {"stateCode": "AZ", "stateName": "Arizona", "name": "Scottsdale Unified District", "ncesId": "0400480"},
    {"stateCode": "AZ", "stateName": "Arizona", "name": "Tempe Union High School District", "ncesId": "0400510"},
    {"stateCode": "AZ", "stateName": "Arizona", "name": "Tucson Unified District", "ncesId": "0400540"},
    {"stateCode": "CA", "stateName": "California", "name": "Alameda Unified", "ncesId": "0600010"},
    {"stateCode": "CA", "stateName": "California", "name": "Anaheim Union High", "ncesId": "0600030"},
    {"stateCode": "CA", "stateName": "California", "name": "Berkeley Unified", "ncesId": "0600100"},
    {"stateCode": "CA", "stateName": "California", "name": "Capistrano Unified", "ncesId": "0600180"},
    {"stateCode": "CA", "stateName": "California", "name": "Chino Valley Unified", "ncesId": "0600240"},
    {"stateCode": "CA", "stateName": "California", "name": "Clovis Unified", "ncesId": "0600270"},
    {"stateCode": "CA", "stateName": "California", "name": "Corona-Norco Unified", "ncesId": "0600300"},
    {"stateCode": "CA", "stateName": "California", "name": "Elk Grove Unified", "ncesId": "0600360"},
    {"stateCode": "CA", "stateName": "California", "name": "Fontana Unified", "ncesId": "0600400"},
    {"stateCode": "CA", "stateName": "California", "name": "Fremont Unified", "ncesId": "0600420"},
    {"stateCode": "CA", "stateName": "California", "name": "Fresno Unified", "ncesId": "0600430"},
    {"stateCode": "CA", "stateName": "California", "name": "Garden Grove Unified", "ncesId": "0600450"},
    {"stateCode": "CA", "stateName": "California", "name": "Irvine Unified", "ncesId": "0600540"},
    {"stateCode": "CA", "stateName": "California", "name": "Long Beach Unified", "ncesId": "0600630"},
    {"stateCode": "CA", "stateName": "California", "name": "Los Angeles Unified", "ncesId": "0600660"},
    {"stateCode": "CA", "stateName": "California", "name": "Oakland Unified", "ncesId": "0600780"},
    {"stateCode": "CA", "stateName": "California", "name": "Orange Unified", "ncesId": "0600810"},
    {"stateCode": "CA", "stateName": "California", "name": "Palo Alto Unified", "ncesId": "0600840"},
    {"stateCode": "CA", "stateName": "California", "name": "Riverside Unified", "ncesId": "0600930"},
    {"stateCode": "CA", "stateName": "California", "name": "Sacramento City Unified", "ncesId": "0600960"},
    {"stateCode": "CA", "stateName": "California", "name": "San Bernardino City Unified", "ncesId": "0601020"},
    {"stateCode": "CA", "stateName": "California", "name": "San Diego Unified", "ncesId": "0601050"},
    {"stateCode": "CA", "stateName": "California", "name": "San Francisco Unified", "ncesId": "0601080"},
    {"stateCode": "CA", "stateName": "California", "name": "San Jose Unified", "ncesId": "0601110"},
    {"stateCode": "CA", "stateName": "California", "name": "Santa Ana Unified", "ncesId": "0601170"},
    {"stateCode": "CA", "stateName": "California", "name": "Santa Clara Unified", "ncesId": "0601200"},
    {"stateCode": "CO", "stateName": "Colorado", "name": "Adams 12 Five Star Schools", "ncesId": "0800010"},
    {"stateCode": "CO", "stateName": "Colorado", "name": "Aurora Public Schools", "ncesId": "0800030"},
    {"stateCode": "CO", "stateName": "Colorado", "name": "Boulder Valley School District", "ncesId": "0800060"},
    {"stateCode": "CO", "stateName": "Colorado", "name": "Cherry Creek School District", "ncesId": "0800090"},
    {"stateCode": "CO", "stateName": "Colorado", "name": "Colorado Springs District 11", "ncesId": "0800120"},
    {"stateCode": "CO", "stateName": "Colorado", "name": "Denver County School District 1", "ncesId": "0800150"},
    {"stateCode": "CO", "stateName": "Colorado", "name": "Douglas County School District", "ncesId": "0800180"},
    {"stateCode": "CO", "stateName": "Colorado", "name": "Jefferson County School District", "ncesId": "0800240"},
    {"stateCode": "CO", "stateName": "Colorado", "name": "Littleton Public Schools", "ncesId": "0800270"},
    {"stateCode": "CO", "stateName": "Colorado", "name": "Poudre School District", "ncesId": "0800330"},
    {"stateCode": "CO", "stateName": "Colorado", "name": "St. Vrain Valley School District", "ncesId": "0800360"},
    {"stateCode": "CT", "stateName": "Connecticut", "name": "Bridgeport School District", "ncesId": "0900030"},
    {"stateCode": "CT", "stateName": "Connecticut", "name": "Danbury School District", "ncesId": "0900090"},
    {"stateCode": "CT", "stateName": "Connecticut", "name": "Fairfield School District", "ncesId": "0900120"},
    {"stateCode": "CT", "stateName": "Connecticut", "name": "Greenwich School District", "ncesId": "0900150"},
    {"stateCode": "CT", "stateName": "Connecticut", "name": "Hartford School District", "ncesId": "0900180"},
    {"stateCode": "CT", "stateName": "Connecticut", "name": "New Haven School District", "ncesId": "0900270"},
    {"stateCode": "CT", "stateName": "Connecticut", "name": "Norwalk School District", "ncesId": "0900300"},
    {"stateCode": "CT", "stateName": "Connecticut", "name": "Stamford School District", "ncesId": "0900360"},
    {"stateCode": "CT", "stateName": "Connecticut", "name": "Waterbury School District", "ncesId": "0900390"},
    {"stateCode": "CT", "stateName": "Connecticut", "name": "West Hartford School District", "ncesId": "0900420"},
    {"stateCode": "FL", "stateName": "Florida", "name": "Brevard County School District", "ncesId": "1200030"},
    {"stateCode": "FL", "stateName": "Florida", "name": "Broward County School District", "ncesId": "1200060"},
    {"stateCode": "FL", "stateName": "Florida", "name": "Duval County School District", "ncesId": "1200120"},
    {"stateCode": "FL", "stateName": "Florida", "name": "Hillsborough County School District", "ncesId": "1200180"},
    {"stateCode": "FL", "stateName": "Florida", "name": "Lee County School District", "ncesId": "1200240"},
    {"stateCode": "FL", "stateName": "Florida", "name": "Miami-Dade County School District", "ncesId": "1200300"},
    {"stateCode": "FL", "stateName": "Florida", "name": "Orange County School District", "ncesId": "1200360"},
    {"stateCode": "FL", "stateName": "Florida", "name": "Palm Beach County School District", "ncesId": "1200420"},
    {"stateCode": "FL", "stateName": "Florida", "name": "Pinellas County School District", "ncesId": "1200480"},
    {"stateCode": "FL", "stateName": "Florida", "name": "Polk County School District", "ncesId": "1200540"},
    {"stateCode": "GA", "stateName": "Georgia", "name": "Atlanta Public Schools", "ncesId": "1300030"},
    {"stateCode": "GA", "stateName": "Georgia", "name": "Cherokee County School District", "ncesId": "1300090"},
    {"stateCode": "GA", "stateName": "Georgia", "name": "Clayton County Public Schools", "ncesId": "1300120"},
    {"stateCode": "GA", "stateName": "Georgia", "name": "Cobb County School District", "ncesId": "1300150"},
    {"stateCode": "GA", "stateName": "Georgia", "name": "DeKalb County School District", "ncesId": "1300210"},
    {"stateCode": "GA", "stateName": "Georgia", "name": "Forsyth County Schools", "ncesId": "1300270"},
    {"stateCode": "GA", "stateName": "Georgia", "name": "Fulton County Schools", "ncesId": "1300300"},
    {"stateCode": "GA", "stateName": "Georgia", "name": "Gwinnett County Public Schools", "ncesId": "1300360"},
    {"stateCode": "GA", "stateName": "Georgia", "name": "Henry County Schools", "ncesId": "1300420"},
    {"stateCode": "GA", "stateName": "Georgia", "name": "Richmond County School System", "ncesId": "1300480"},
    {"stateCode": "ID", "stateName": "Idaho", "name": "Boise Independent School District", "ncesId": "1600030"},
    {"stateCode": "ID", "stateName": "Idaho", "name": "Bonneville Joint School District", "ncesId": "1600060"},
    {"stateCode": "ID", "stateName": "Idaho", "name": "Caldwell School District", "ncesId": "1600090"},
    {"stateCode": "ID", "stateName": "Idaho", "name": "Coeur d'Alene School District", "ncesId": "1600120"},
    {"stateCode": "ID", "stateName": "Idaho", "name": "Idaho Falls School District", "ncesId": "1600180"},
    {"stateCode": "ID", "stateName": "Idaho", "name": "Joint School District No. 2 (Meridian)", "ncesId": "1600240"},
    {"stateCode": "ID", "stateName": "Idaho", "name": "Nampa School District", "ncesId": "1600300"},
    {"stateCode": "ID", "stateName": "Idaho", "name": "Pocatello School District", "ncesId": "1600360"},
    {"stateCode": "ID", "stateName": "Idaho", "name": "Twin Falls School District", "ncesId": "1600420"},
    {"stateCode": "IL", "stateName": "Illinois", "name": "Chicago Public Schools", "ncesId": "1700030"},
    {"stateCode": "IL", "stateName": "Illinois", "name": "Elgin School District U-46", "ncesId": "1700090"},
    {"stateCode": "IL", "stateName": "Illinois", "name": "Indian Prairie School District 204", "ncesId": "1700150"},
    {"stateCode": "IL", "stateName": "Illinois", "name": "Naperville Community Unit School District 203", "ncesId": "1700210"},
    {"stateCode": "IL", "stateName": "Illinois", "name": "Plainfield School District 202", "ncesId": "1700270"},
    {"stateCode": "IL", "stateName": "Illinois", "name": "Rockford School District 205", "ncesId": "1700330"},
    {"stateCode": "IL", "stateName": "Illinois", "name": "Township High School District 214", "ncesId": "1700390"},
    {"stateCode": "NC", "stateName": "North Carolina", "name": "Charlotte-Mecklenburg Schools", "ncesId": "3700060"},
    {"stateCode": "NC", "stateName": "North Carolina", "name": "Cumberland County Schools", "ncesId": "3700120"},
    {"stateCode": "NC", "stateName": "North Carolina", "name": "Durham Public Schools", "ncesId": "3700180"},
    {"stateCode": "NC", "stateName": "North Carolina", "name": "Forsyth County Schools", "ncesId": "3700240"},
    {"stateCode": "NC", "stateName": "North Carolina", "name": "Guilford County Schools", "ncesId": "3700300"},
    {"stateCode": "NC", "stateName": "North Carolina", "name": "Johnston County Schools", "ncesId": "3700360"},
    {"stateCode": "NC", "stateName": "North Carolina", "name": "New Hanover County Schools", "ncesId": "3700420"},
    {"stateCode": "NC", "stateName": "North Carolina", "name": "Union County Public Schools", "ncesId": "3700480"},
    {"stateCode": "NC", "stateName": "North Carolina", "name": "Wake County Public School System", "ncesId": "3700540"},
    {"stateCode": "NY", "stateName": "New York", "name": "Buffalo Public Schools", "ncesId": "3600060"},
    {"stateCode": "NY", "stateName": "New York", "name": "New York City Department of Education", "ncesId": "3600120"},
    {"stateCode": "NY", "stateName": "New York", "name": "Rochester City School District", "ncesId": "3600180"},
    {"stateCode": "NY", "stateName": "New York", "name": "Syracuse City School District", "ncesId": "3600240"},
    {"stateCode": "NY", "stateName": "New York", "name": "Yonkers Public Schools", "ncesId": "3600300"},
    {"stateCode": "TX", "stateName": "Texas", "name": "Aldine Independent School District", "ncesId": "4800030"},
    {"stateCode": "TX", "stateName": "Texas", "name": "Arlington Independent School District", "ncesId": "4800060"},
    {"stateCode": "TX", "stateName": "Texas", "name": "Austin Independent School District", "ncesId": "4800090"},
    {"stateCode": "TX", "stateName": "Texas", "name": "Conroe Independent School District", "ncesId": "4800150"},
    {"stateCode": "TX", "stateName": "Texas", "name": "Corpus Christi Independent School District", "ncesId": "4800180"},
    {"stateCode": "TX", "stateName": "Texas", "name": "Cypress-Fairbanks Independent School District", "ncesId": "4800210"},
    {"stateCode": "TX", "stateName": "Texas", "name": "Dallas Independent School District", "ncesId": "4800240"},
    {"stateCode": "TX", "stateName": "Texas", "name": "El Paso Independent School District", "ncesId": "4800300"},
    {"stateCode": "TX", "stateName": "Texas", "name": "Fort Bend Independent School District", "ncesId": "4800360"},
    {"stateCode": "TX", "stateName": "Texas", "name": "Fort Worth Independent School District", "ncesId": "4800390"},
    {"stateCode": "TX", "stateName": "Texas", "name": "Frisco Independent School District", "ncesId": "4800420"},
    {"stateCode": "TX", "stateName": "Texas", "name": "Garland Independent School District", "ncesId": "4800450"},
    {"stateCode": "TX", "stateName": "Texas", "name": "Houston Independent School District", "ncesId": "4800510"},
    {"stateCode": "TX", "stateName": "Texas", "name": "Humble Independent School District", "ncesId": "4800540"},
    {"stateCode": "TX", "stateName": "Texas", "name": "Katy Independent School District", "ncesId": "4800600"},
    {"stateCode": "TX", "stateName": "Texas", "name": "Lewisville Independent School District", "ncesId": "4800660"},
    {"stateCode": "TX", "stateName": "Texas", "name": "McKinney Independent School District", "ncesId": "4800720"},
    {"stateCode": "TX", "stateName": "Texas", "name": "Northside Independent School District", "ncesId": "4800780"},
    {"stateCode": "TX", "stateName": "Texas", "name": "Pasadena Independent School District", "ncesId": "4800840"},
    {"stateCode": "TX", "stateName": "Texas", "name": "Plano Independent School District", "ncesId": "4800900"},
    {"stateCode": "TX", "stateName": "Texas", "name": "Round Rock Independent School District", "ncesId": "4800960"},
    {"stateCode": "TX", "stateName": "Texas", "name": "San Antonio Independent School District", "ncesId": "4801020"},
    {"stateCode": "UT", "stateName": "Utah", "name": "Alpine School District", "ncesId": "4900030"},
    {"stateCode": "UT", "stateName": "Utah", "name": "Box Elder School District", "ncesId": "4900060"},
    {"stateCode": "UT", "stateName": "Utah", "name": "Cache County School District", "ncesId": "4900090"},
    {"stateCode": "UT", "stateName": "Utah", "name": "Canyons School District", "ncesId": "4900100"},
    {"stateCode": "UT", "stateName": "Utah", "name": "Carbon School District", "ncesId": "4900120"},
    {"stateCode": "UT", "stateName": "Utah", "name": "Davis School District", "ncesId": "4900180"},
    {"stateCode": "UT", "stateName": "Utah", "name": "Duchesne School District", "ncesId": "4900210"},
    {"stateCode": "UT", "stateName": "Utah", "name": "Emery School District", "ncesId": "4900240"},
    {"stateCode": "UT", "stateName": "Utah", "name": "Garfield School District", "ncesId": "4900270"},
    {"stateCode": "UT", "stateName": "Utah", "name": "Grand School District", "ncesId": "4900300"},
    {"stateCode": "UT", "stateName": "Utah", "name": "Granite School District", "ncesId": "4900330"},
    {"stateCode": "UT", "stateName": "Utah", "name": "Iron School District", "ncesId": "4900360"},
    {"stateCode": "UT", "stateName": "Utah", "name": "Jordan School District", "ncesId": "4900390"},
    {"stateCode": "UT", "stateName": "Utah", "name": "Juab School District", "ncesId": "4900420"},
    {"stateCode": "UT", "stateName": "Utah", "name": "Kane School District", "ncesId": "4900450"},
    {"stateCode": "UT", "stateName": "Utah", "name": "Logan City School District", "ncesId": "4900480"},
    {"stateCode": "UT", "stateName": "Utah", "name": "Millard School District", "ncesId": "4900510"},
    {"stateCode": "UT", "stateName": "Utah", "name": "Morgan School District", "ncesId": "4900540"},
    {"stateCode": "UT", "stateName": "Utah", "name": "Murray City School District", "ncesId": "4900570"},
    {"stateCode": "UT", "stateName": "Utah", "name": "Nebo School District", "ncesId": "4900600"},
    {"stateCode": "UT", "stateName": "Utah", "name": "North Sanpete School District", "ncesId": "4900630"},
    {"stateCode": "UT", "stateName": "Utah", "name": "North Summit School District", "ncesId": "4900660"},
    {"stateCode": "UT", "stateName": "Utah", "name": "Ogden City School District", "ncesId": "4900690"},
    {"stateCode": "UT", "stateName": "Utah", "name": "Park City School District", "ncesId": "4900720"},
    {"stateCode": "UT", "stateName": "Utah", "name": "Piute School District", "ncesId": "4900750"},
    {"stateCode": "UT", "stateName": "Utah", "name": "Provo City School District", "ncesId": "4900780"},
    {"stateCode": "UT", "stateName": "Utah", "name": "Rich School District", "ncesId": "4900810"},
    {"stateCode": "UT", "stateName": "Utah", "name": "Salt Lake City School District", "ncesId": "4900840"},
    {"stateCode": "UT", "stateName": "Utah", "name": "San Juan School District", "ncesId": "4900870"},
    {"stateCode": "UT", "stateName": "Utah", "name": "Sevier School District", "ncesId": "4900900"},
    {"stateCode": "UT", "stateName": "Utah", "name": "South Sanpete School District", "ncesId": "4900930"},
    {"stateCode": "UT", "stateName": "Utah", "name": "South Summit School District", "ncesId": "4900960"},
    {"stateCode": "UT", "stateName": "Utah", "name": "Tintic School District", "ncesId": "4900990"},
    {"stateCode": "UT", "stateName": "Utah", "name": "Tooele County School District", "ncesId": "4901020"},
    {"stateCode": "UT", "stateName": "Utah", "name": "Uintah School District", "ncesId": "4901050"},
    {"stateCode": "UT", "stateName": "Utah", "name": "Wasatch County School District", "ncesId": "4901080"},
    {"stateCode": "UT", "stateName": "Utah", "name": "Washington County School District", "ncesId": "4901110"},
    {"stateCode": "UT", "stateName": "Utah", "name": "Wayne School District", "ncesId": "4901140"},
    {"stateCode": "UT", "stateName": "Utah", "name": "Weber School District", "ncesId": "4901170"},
    {"stateCode": "WA", "stateName": "Washington", "name": "Bellevue School District", "ncesId": "5300030"},
    {"stateCode": "WA", "stateName": "Washington", "name": "Edmonds School District", "ncesId": "5300090"},
    {"stateCode": "WA", "stateName": "Washington", "name": "Everett School District", "ncesId": "5300120"},
    {"stateCode": "WA", "stateName": "Washington", "name": "Federal Way School District", "ncesId": "5300150"},
    {"stateCode": "WA", "stateName": "Washington", "name": "Highline School District", "ncesId": "5300180"},
    {"stateCode": "WA", "stateName": "Washington", "name": "Kent School District", "ncesId": "5300240"},
    {"stateCode": "WA", "stateName": "Washington", "name": "Lake Washington School District", "ncesId": "5300270"},
    {"stateCode": "WA", "stateName": "Washington", "name": "Northshore School District", "ncesId": "5300330"},
    {"stateCode": "WA", "stateName": "Washington", "name": "Seattle Public Schools", "ncesId": "5300390"},
    {"stateCode": "WA", "stateName": "Washington", "name": "Spokane Public Schools", "ncesId": "5300420"},
    {"stateCode": "WA", "stateName": "Washington", "name": "Tacoma School District", "ncesId": "5300450"},
    {"stateCode": "WA", "stateName": "Washington", "name": "Vancouver School District", "ncesId": "5300480"},
    {"stateCode": "NV", "stateName": "Nevada", "name": "Clark County School District", "ncesId": "3200030"},
    {"stateCode": "NV", "stateName": "Nevada", "name": "Washoe County School District", "ncesId": "3200060"},
    {"stateCode": "NV", "stateName": "Nevada", "name": "Carson City School District", "ncesId": "3200090"},
    {"stateCode": "NV", "stateName": "Nevada", "name": "Douglas County School District", "ncesId": "3200120"},
    {"stateCode": "NV", "stateName": "Nevada", "name": "Elko County School District", "ncesId": "3200150"},
    {"stateCode": "NV", "stateName": "Nevada", "name": "Lyon County School District", "ncesId": "3200180"},
    {"stateCode": "OR", "stateName": "Oregon", "name": "Beaverton School District", "ncesId": "4100030"},
    {"stateCode": "OR", "stateName": "Oregon", "name": "Bend-La Pine Schools", "ncesId": "4100060"},
    {"stateCode": "OR", "stateName": "Oregon", "name": "Eugene School District 4J", "ncesId": "4100120"},
    {"stateCode": "OR", "stateName": "Oregon", "name": "Hillsboro School District", "ncesId": "4100180"},
    {"stateCode": "OR", "stateName": "Oregon", "name": "North Clackamas School District", "ncesId": "4100240"},
    {"stateCode": "OR", "stateName": "Oregon", "name": "Portland Public Schools", "ncesId": "4100300"},
    {"stateCode": "OR", "stateName": "Oregon", "name": "Salem-Keizer School District", "ncesId": "4100360"},
    {"stateCode": "OR", "stateName": "Oregon", "name": "Tigard-Tualatin School District", "ncesId": "4100420"},
    {"stateCode": "MA", "stateName": "Massachusetts", "name": "Boston Public Schools", "ncesId": "2500030"},
    {"stateCode": "MA", "stateName": "Massachusetts", "name": "Brockton Public Schools", "ncesId": "2500060"},
    {"stateCode": "MA", "stateName": "Massachusetts", "name": "Cambridge Public Schools", "ncesId": "2500090"},
    {"stateCode": "MA", "stateName": "Massachusetts", "name": "Fall River Public Schools", "ncesId": "2500120"},
    {"stateCode": "MA", "stateName": "Massachusetts", "name": "Framingham Public Schools", "ncesId": "2500150"},
    {"stateCode": "MA", "stateName": "Massachusetts", "name": "Lawrence Public Schools", "ncesId": "2500210"},
    {"stateCode": "MA", "stateName": "Massachusetts", "name": "Lowell Public Schools", "ncesId": "2500270"},
    {"stateCode": "MA", "stateName": "Massachusetts", "name": "Lynn Public Schools", "ncesId": "2500300"},
    {"stateCode": "MA", "stateName": "Massachusetts", "name": "New Bedford Public Schools", "ncesId": "2500360"},
    {"stateCode": "MA", "stateName": "Massachusetts", "name": "Newton Public Schools", "ncesId": "2500390"},
    {"stateCode": "MA", "stateName": "Massachusetts", "name": "Plymouth Public Schools", "ncesId": "2500420"},
    {"stateCode": "MA", "stateName": "Massachusetts", "name": "Quincy Public Schools", "ncesId": "2500450"},
    {"stateCode": "MA", "stateName": "Massachusetts", "name": "Springfield Public Schools", "ncesId": "2500510"},
    {"stateCode": "MA", "stateName": "Massachusetts", "name": "Worcester Public Schools", "ncesId": "2500540"},
    {"stateCode": "PA", "stateName": "Pennsylvania", "name": "Allentown School District", "ncesId": "4200030"},
    {"stateCode": "PA", "stateName": "Pennsylvania", "name": "Bethlehem Area School District", "ncesId": "4200060"},
    {"stateCode": "PA", "stateName": "Pennsylvania", "name": "Central Bucks School District", "ncesId": "4200120"},
    {"stateCode": "PA", "stateName": "Pennsylvania", "name": "Erie School District", "ncesId": "4200180"},
    {"stateCode": "PA", "stateName": "Pennsylvania", "name": "Harrisburg City School District", "ncesId": "4200240"},
    {"stateCode": "PA", "stateName": "Pennsylvania", "name": "North Penn School District", "ncesId": "4200300"},
    {"stateCode": "PA", "stateName": "Pennsylvania", "name": "Parkland School District", "ncesId": "4200330"},
    {"stateCode": "PA", "stateName": "Pennsylvania", "name": "Philadelphia School District", "ncesId": "4200360"},
    {"stateCode": "PA", "stateName": "Pennsylvania", "name": "Pittsburgh School District", "ncesId": "4200390"},
    {"stateCode": "PA", "stateName": "Pennsylvania", "name": "Reading School District", "ncesId": "4200420"},
    {"stateCode": "PA", "stateName": "Pennsylvania", "name": "Scranton School District", "ncesId": "4200480"},
    {"stateCode": "OH", "stateName": "Ohio", "name": "Akron Public Schools", "ncesId": "3900030"},
    {"stateCode": "OH", "stateName": "Ohio", "name": "Cincinnati Public Schools", "ncesId": "3900090"},
    {"stateCode": "OH", "stateName": "Ohio", "name": "Cleveland Metropolitan School District", "ncesId": "3900120"},
    {"stateCode": "OH", "stateName": "Ohio", "name": "Columbus City Schools", "ncesId": "3900150"},
    {"stateCode": "OH", "stateName": "Ohio", "name": "Dayton Public Schools", "ncesId": "3900180"},
    {"stateCode": "OH", "stateName": "Ohio", "name": "Dublin City School District", "ncesId": "3900210"},
    {"stateCode": "OH", "stateName": "Ohio", "name": "Hilliard City School District", "ncesId": "3900270"},
    {"stateCode": "OH", "stateName": "Ohio", "name": "Lakota Local School District", "ncesId": "3900300"},
    {"stateCode": "OH", "stateName": "Ohio", "name": "Olentangy Local School District", "ncesId": "3900360"},
    {"stateCode": "OH", "stateName": "Ohio", "name": "South-Western City School District", "ncesId": "3900420"},
    {"stateCode": "OH", "stateName": "Ohio", "name": "Toledo Public Schools", "ncesId": "3900450"},
    {"stateCode": "MI", "stateName": "Michigan", "name": "Ann Arbor Public Schools", "ncesId": "2600030"},
    {"stateCode": "MI", "stateName": "Michigan", "name": "Dearborn Public Schools", "ncesId": "2600090"},
    {"stateCode": "MI", "stateName": "Michigan", "name": "Detroit Public Schools Community District", "ncesId": "2600120"},
    {"stateCode": "MI", "stateName": "Michigan", "name": "Flint Community Schools", "ncesId": "2600180"},
    {"stateCode": "MI", "stateName": "Michigan", "name": "Grand Rapids Public Schools", "ncesId": "2600240"},
    {"stateCode": "MI", "stateName": "Michigan", "name": "Kalamazoo Public Schools", "ncesId": "2600300"},
    {"stateCode": "MI", "stateName": "Michigan", "name": "Lansing School District", "ncesId": "2600360"},
    {"stateCode": "MI", "stateName": "Michigan", "name": "Livonia Public Schools", "ncesId": "2600420"},
    {"stateCode": "MI", "stateName": "Michigan", "name": "Plymouth-Canton Community Schools", "ncesId": "2600480"},
    {"stateCode": "MI", "stateName": "Michigan", "name": "Rochester Community School District", "ncesId": "2600540"},
    {"stateCode": "MI", "stateName": "Michigan", "name": "Troy School District", "ncesId": "2600600"},
    {"stateCode": "MI", "stateName": "Michigan", "name": "Utica Community Schools", "ncesId": "2600660"},
    {"stateCode": "NJ", "stateName": "New Jersey", "name": "Camden City School District", "ncesId": "3400030"},
    {"stateCode": "NJ", "stateName": "New Jersey", "name": "Cherry Hill Public Schools", "ncesId": "3400060"},
    {"stateCode": "NJ", "stateName": "New Jersey", "name": "Edison Township Public Schools", "ncesId": "3400120"},
    {"stateCode": "NJ", "stateName": "New Jersey", "name": "Elizabeth Public Schools", "ncesId": "3400150"},
    {"stateCode": "NJ", "stateName": "New Jersey", "name": "Jersey City Public Schools", "ncesId": "3400210"},
    {"stateCode": "NJ", "stateName": "New Jersey", "name": "Newark Public Schools", "ncesId": "3400270"},
    {"stateCode": "NJ", "stateName": "New Jersey", "name": "Paterson Public Schools", "ncesId": "3400330"},
    {"stateCode": "NJ", "stateName": "New Jersey", "name": "Toms River Regional Schools", "ncesId": "3400390"},
    {"stateCode": "NJ", "stateName": "New Jersey", "name": "Trenton Public Schools", "ncesId": "3400420"},
    {"stateCode": "NJ", "stateName": "New Jersey", "name": "Woodbridge Township School District", "ncesId": "3400480"},
    {"stateCode": "VA", "stateName": "Virginia", "name": "Alexandria City Public Schools", "ncesId": "5100030"},
    {"stateCode": "VA", "stateName": "Virginia", "name": "Arlington Public Schools", "ncesId": "5100060"},
    {"stateCode": "VA", "stateName": "Virginia", "name": "Chesterfield County Public Schools", "ncesId": "5100120"},
    {"stateCode": "VA", "stateName": "Virginia", "name": "Fairfax County Public Schools", "ncesId": "5100180"},
    {"stateCode": "VA", "stateName": "Virginia", "name": "Henrico County Public Schools", "ncesId": "5100240"},
    {"stateCode": "VA", "stateName": "Virginia", "name": "Loudoun County Public Schools", "ncesId": "5100300"},
    {"stateCode": "VA", "stateName": "Virginia", "name": "Newport News Public Schools", "ncesId": "5100360"},
    {"stateCode": "VA", "stateName": "Virginia", "name": "Norfolk Public Schools", "ncesId": "5100390"},
    {"stateCode": "VA", "stateName": "Virginia", "name": "Prince William County Public Schools", "ncesId": "5100450"},
    {"stateCode": "VA", "stateName": "Virginia", "name": "Richmond Public Schools", "ncesId": "5100480"},
    {"stateCode": "VA", "stateName": "Virginia", "name": "Virginia Beach City Public Schools", "ncesId": "5100540"},
    {"stateCode": "MD", "stateName": "Maryland", "name": "Anne Arundel County Public Schools", "ncesId": "2400030"},
    {"stateCode": "MD", "stateName": "Maryland", "name": "Baltimore City Public Schools", "ncesId": "2400060"},
    {"stateCode": "MD", "stateName": "Maryland", "name": "Baltimore County Public Schools", "ncesId": "2400090"},
    {"stateCode": "MD", "stateName": "Maryland", "name": "Carroll County Public Schools", "ncesId": "2400120"},
    {"stateCode": "MD", "stateName": "Maryland", "name": "Frederick County Public Schools", "ncesId": "2400180"},
    {"stateCode": "MD", "stateName": "Maryland", "name": "Harford County Public Schools", "ncesId": "2400240"},
    {"stateCode": "MD", "stateName": "Maryland", "name": "Howard County Public School System", "ncesId": "2400270"},
    {"stateCode": "MD", "stateName": "Maryland", "name": "Montgomery County Public Schools", "ncesId": "2400330"},
    {"stateCode": "MD", "stateName": "Maryland", "name": "Prince George's County Public Schools", "ncesId": "2400390"},
    {"stateCode": "MN", "stateName": "Minnesota", "name": "Anoka-Hennepin School District", "ncesId": "2700030"},
    {"stateCode": "MN", "stateName": "Minnesota", "name": "Bloomington Public Schools", "ncesId": "2700060"},
    {"stateCode": "MN", "stateName": "Minnesota", "name": "Duluth Public Schools", "ncesId": "2700120"},
    {"stateCode": "MN", "stateName": "Minnesota", "name": "Eden Prairie Schools", "ncesId": "2700150"},
    {"stateCode": "MN", "stateName": "Minnesota", "name": "Lakeville Area Public Schools", "ncesId": "2700210"},
    {"stateCode": "MN", "stateName": "Minnesota", "name": "Minneapolis Public Schools", "ncesId": "2700270"},
    {"stateCode": "MN", "stateName": "Minnesota", "name": "Osseo Area Schools", "ncesId": "2700330"},
    {"stateCode": "MN", "stateName": "Minnesota", "name": "Prior Lake-Savage Area Schools", "ncesId": "2700360"},
    {"stateCode": "MN", "stateName": "Minnesota", "name": "Rochester Public Schools", "ncesId": "2700390"},
    {"stateCode": "MN", "stateName": "Minnesota", "name": "Rosemount-Apple Valley-Eagan", "ncesId": "2700420"},
    {"stateCode": "MN", "stateName": "Minnesota", "name": "Saint Paul Public Schools", "ncesId": "2700480"},
    {"stateCode": "MN", "stateName": "Minnesota", "name": "South Washington County Schools", "ncesId": "2700540"},
    {"stateCode": "MN", "stateName": "Minnesota", "name": "Wayzata Public Schools", "ncesId": "2700600"},
    {"stateCode": "IN", "stateName": "Indiana", "name": "Carmel Clay Schools", "ncesId": "1800030"},
    {"stateCode": "IN", "stateName": "Indiana", "name": "Evansville Vanderburgh School Corporation", "ncesId": "1800090"},
    {"stateCode": "IN", "stateName": "Indiana", "name": "Fort Wayne Community Schools", "ncesId": "1800120"},
    {"stateCode": "IN", "stateName": "Indiana", "name": "Hamilton Southeastern Schools", "ncesId": "1800180"},
    {"stateCode": "IN", "stateName": "Indiana", "name": "Indianapolis Public Schools", "ncesId": "1800240"},
    {"stateCode": "IN", "stateName": "Indiana", "name": "Noblesville Schools", "ncesId": "1800300"},
    {"stateCode": "IN", "stateName": "Indiana", "name": "Penn-Harris-Madison School Corporation", "ncesId": "1800360"},
    {"stateCode": "IN", "stateName": "Indiana", "name": "South Bend Community School Corporation", "ncesId": "1800420"},
    {"stateCode": "IN", "stateName": "Indiana", "name": "Tippecanoe School Corporation", "ncesId": "1800480"},
    {"stateCode": "IN", "stateName": "Indiana", "name": "Zionsville Community Schools", "ncesId": "1800540"},
    {"stateCode": "MO", "stateName": "Missouri", "name": "Blue Springs R-IV School District", "ncesId": "2900030"},
    {"stateCode": "MO", "stateName": "Missouri", "name": "Columbia Public Schools", "ncesId": "2900090"},
    {"stateCode": "MO", "stateName": "Missouri", "name": "Francis Howell School District", "ncesId": "2900150"},
    {"stateCode": "MO", "stateName": "Missouri", "name": "Hazelwood School District", "ncesId": "2900210"},
    {"stateCode": "MO", "stateName": "Missouri", "name": "Kansas City Public Schools", "ncesId": "2900270"},
    {"stateCode": "MO", "stateName": "Missouri", "name": "Lee's Summit R-VII School District", "ncesId": "2900330"},
    {"stateCode": "MO", "stateName": "Missouri", "name": "North Kansas City School District", "ncesId": "2900390"},
    {"stateCode": "MO", "stateName": "Missouri", "name": "Parkway School District", "ncesId": "2900420"},
    {"stateCode": "MO", "stateName": "Missouri", "name": "Rockwood School District", "ncesId": "2900480"},
    {"stateCode": "MO", "stateName": "Missouri", "name": "Springfield Public Schools", "ncesId": "2900540"},
    {"stateCode": "MO", "stateName": "Missouri", "name": "St. Louis Public Schools", "ncesId": "2900600"},
    {"stateCode": "WI", "stateName": "Wisconsin", "name": "Appleton Area School District", "ncesId": "5500030"},
    {"stateCode": "WI", "stateName": "Wisconsin", "name": "Green Bay Area Public School District", "ncesId": "5500090"},
    {"stateCode": "WI", "stateName": "Wisconsin", "name": "Kenosha Unified School District", "ncesId": "5500150"},
    {"stateCode": "WI", "stateName": "Wisconsin", "name": "Madison Metropolitan School District", "ncesId": "5500210"},
    {"stateCode": "WI", "stateName": "Wisconsin", "name": "Milwaukee Public Schools", "ncesId": "5500270"},
    {"stateCode": "WI", "stateName": "Wisconsin", "name": "Racine Unified School District", "ncesId": "5500330"},
    {"stateCode": "WI", "stateName": "Wisconsin", "name": "Waukesha School District", "ncesId": "5500390"},
    {"stateCode": "TN", "stateName": "Tennessee", "name": "Clarksville-Montgomery County School System", "ncesId": "4700030"},
    {"stateCode": "TN", "stateName": "Tennessee", "name": "Hamilton County Schools", "ncesId": "4700090"},
    {"stateCode": "TN", "stateName": "Tennessee", "name": "Knox County Schools", "ncesId": "4700150"},
    {"stateCode": "TN", "stateName": "Tennessee", "name": "Memphis-Shelby County Schools", "ncesId": "4700210"},
    {"stateCode": "TN", "stateName": "Tennessee", "name": "Metro Nashville Public Schools", "ncesId": "4700240"},
    {"stateCode": "TN", "stateName": "Tennessee", "name": "Rutherford County Schools", "ncesId": "4700300"},
    {"stateCode": "TN", "stateName": "Tennessee", "name": "Sumner County Schools", "ncesId": "4700360"},
    {"stateCode": "TN", "stateName": "Tennessee", "name": "Williamson County Schools", "ncesId": "4700420"},
    {"stateCode": "SC", "stateName": "South Carolina", "name": "Charleston County School District", "ncesId": "4500030"},
    {"stateCode": "SC", "stateName": "South Carolina", "name": "Greenville County School District", "ncesId": "4500090"},
    {"stateCode": "SC", "stateName": "South Carolina", "name": "Horry County Schools", "ncesId": "4500150"},
    {"stateCode": "SC", "stateName": "South Carolina", "name": "Lexington County School District One", "ncesId": "4500210"},
    {"stateCode": "SC", "stateName": "South Carolina", "name": "Richland School District One", "ncesId": "4500270"},
    {"stateCode": "SC", "stateName": "South Carolina", "name": "Richland School District Two", "ncesId": "4500300"},
    {"stateCode": "SC", "stateName": "South Carolina", "name": "Spartanburg County School District 7", "ncesId": "4500360"}
  ]
}
